"col_numbers","col_names","nohs"
110,"AIJ","261"
110,"AIJ","262"
117,"BCH","263"
117,"BCH","264"
117,"BCH","265"
22,"AK","266"
22,"AK","267"
22,"AK","268"
22,"AK","269"
22,"AK","270"
22,"AK","271"
22,"AK","272"
110,"AIJ","273"
9,"H","274"
110,"AIJ","275"
110,"AIJ","276"
5,"D","277"
5,"D","278"
5,"D","279"
198,"EFG","280"
198,"EFG","281"
198,"EFG","282"
198,"EFG","283"
198,"EFG","284"
198,"EFG","285"
198,"EFG","286"
198,"EFG","287"
198,"EFG","288"
198,"EFG","289"
198,"EFG","290"
198,"EFG","291"
198,"EFG","292"
53,"FG","293"
46,"DK","294"
201,"EFJ","295"
201,"EFJ","296"
56,"FJ","297"
56,"FJ","298"
201,"EFJ","299"
201,"EFJ","300"
201,"EFJ","301"
201,"EFJ","302"
201,"EFJ","303"
56,"FJ","304"
201,"EFJ","305"
56,"FJ","306"
56,"FJ","307"
201,"EFJ","308"
53,"FG","309"
53,"FG","310"
202,"EFK","311"
202,"EFK","312"
202,"EFK","313"
202,"EFK","314"
202,"EFK","315"
4,"C","316"
202,"EFK","317"
202,"EFK","318"
202,"EFK","319"
202,"EFK","320"
4,"C","321"
4,"C","322"
4,"C","323"
4,"C","324"
4,"C","325"
5,"D","326"
5,"D","327"
46,"DK","328"
46,"DK","329"
46,"DK","330"
46,"DK","331"
5,"D","332"
5,"D","333"
5,"D","334"
5,"D","335"
5,"D","336"
4,"C","337"
4,"C","338"
5,"D","339"
5,"D","340"
5,"D","341"
5,"D","342"
5,"D","343"
5,"D","344"
198,"EFG","345"
110,"AIJ","346"
110,"AIJ","347"
110,"AIJ","348"
110,"AIJ","349"
110,"AIJ","350"
110,"AIJ","351"
110,"AIJ","352"
21,"AJ","353"
14,"AC","354"
14,"AC","355"
14,"AC","356"
4,"C","357"
110,"AIJ","358"
4,"C","359"
110,"AIJ","360"
231,"HJK","361"
101,"AFJ","362"
101,"AFJ","363"
101,"AFJ","364"
101,"AFJ","365"
101,"AFJ","366"
101,"AFJ","367"
21,"AJ","368"
110,"AIJ","369"
110,"AIJ","370"
110,"AIJ","371"
101,"AFJ","372"
16,"AE","373"
87,"ADG","374"
87,"ADG","375"
98,"AFG","376"
98,"AFG","377"
98,"AFG","378"
98,"AFG","379"
7,"F","380"
7,"F","381"
98,"AFG","382"
4,"C","383"
4,"C","384"
14,"AC","385"
87,"ADG","386"
87,"ADG","387"
87,"ADG","388"
87,"ADG","389"
87,"ADG","390"
98,"AFG","391"
98,"AFG","392"
98,"AFG","393"
98,"AFG","394"
98,"AFG","395"
187,"DFK","396"
187,"DFK","397"
98,"AFG","398"
98,"AFG","399"
98,"AFG","400"
98,"AFG","401"
98,"AFG","402"
101,"AFJ","403"
101,"AFJ","404"
101,"AFJ","405"
21,"AJ","406"
98,"AFG","407"
98,"AFG","408"
98,"AFG","409"
98,"AFG","410"
212,"EJK","411"
212,"EJK","412"
41,"DF","413"
41,"DF","414"
41,"DF","415"
41,"DF","416"
41,"DF","417"
41,"DF","418"
41,"DF","419"
6,"E","420"
6,"E","421"
53,"FG","422"
53,"FG","423"
53,"FG","424"
53,"FG","425"
53,"FG","426"
53,"FG","427"
41,"DF","428"
87,"ADG","429"
87,"ADG","430"
187,"DFK","431"
14,"AC","432"
4,"C","433"
4,"C","434"
4,"C","435"
87,"ADG","436"
187,"DFK","437"
110,"AIJ","438"
110,"AIJ","439"
110,"AIJ","440"
110,"AIJ","441"
110,"AIJ","442"
110,"AIJ","443"
110,"AIJ","444"
110,"AIJ","445"
65,"IJ","446"
21,"AJ","447"
21,"AJ","448"
110,"AIJ","449"
109,"AHK","450"
109,"AHK","451"
109,"AHK","452"
109,"AHK","453"
109,"AHK","454"
109,"AHK","455"
19,"AH","456"
19,"AH","457"
19,"AH","458"
110,"AIJ","459"
19,"AH","460"
110,"AIJ","461"
110,"AIJ","462"
110,"AIJ","463"
110,"AIJ","464"
110,"AIJ","465"
110,"AIJ","466"
101,"AFJ","467"
110,"AIJ","468"
9,"H","469"
28,"BH","470"
28,"BH","471"
28,"BH","472"
28,"BH","473"
110,"AIJ","474"
90,"ADJ","475"
87,"ADG","476"
87,"ADG","477"
87,"ADG","478"
87,"ADG","479"
14,"AC","480"
4,"C","481"
4,"C","482"
87,"ADG","483"
87,"ADG","484"
87,"ADG","485"
9,"H","486"
9,"H","487"
9,"H","488"
64,"HK","489"
64,"HK","490"
87,"ADG","491"
110,"AIJ","492"
87,"ADG","493"
87,"ADG","494"
87,"ADG","495"
90,"ADJ","496"
101,"AFJ","497"
101,"AFJ","498"
101,"AFJ","499"
101,"AFJ","500"
56,"FJ","501"
46,"DK","502"
56,"FJ","503"
4,"C","504"
4,"C","505"
9,"H","506"
4,"C","507"
4,"C","508"
187,"DFK","509"
187,"DFK","510"
198,"EFG","511"
187,"DFK","512"
101,"AFJ","513"
110,"AIJ","514"
110,"AIJ","515"
101,"AFJ","516"
101,"AFJ","517"
101,"AFJ","518"
101,"AFJ","519"
